requirement,requirement_summary,migration,service,api,ui,test,evidence,status,deferral
REQ-P000-F01,Create baseline branch and tag,none,none,none,none,Git repository check,discovery/part-000.md; baseline/BASELINE_REPORT.md,BLOCKED,Identify authoritative production repository and commit
REQ-P000-F02,Establish required program documentation,none,none,none,none,documentation review,discovery/part-000.md; impact/part-000.md,PARTIAL,Complete SA-21 document set after target and approvals are confirmed
REQ-P000-F03,Capture deployed schema DDL and machine-readable baseline,none,none,none,none,DB integrity gate unavailable,baseline/BASELINE_REPORT.md,BLOCKED,Requires identified authorized database
REQ-P000-F04,Capture row counts/checksums and integrity checker,none,none,none,none,DB integrity gate unavailable,baseline/BASELINE_REPORT.md,BLOCKED,Requires identified authorized database and approved read-only access
REQ-P000-F05,Capture behavior tests and API snapshots,none,none,none,none,npm test; typecheck; lint; build,test-evidence/part-000/README.md,PARTIAL,Only existing four unit tests and build checks run; golden coverage requires approved target/test data
REQ-P000-F06,Capture report/export golden outputs,none,none,none,none,report comparison unavailable,baseline/BASELINE_REPORT.md,BLOCKED,No report implementation or frozen dataset found
REQ-P000-F07,Implement server/client feature flag helper,none,none,none,none,not implemented,discovery/part-000.md,BLOCKED,Implement after authoritative scope and security/permission design review
REQ-P000-F08,Add regression harness and CI integration,none,none,none,none,missing npm script and workflow,test-evidence/part-000/README.md,BLOCKED,Requires defined baseline inputs and approved CI target
REQ-P000-F09,Document rollback and verify database/file backup,none,none,none,none,backup/restore not run,baseline/BASELINE_REPORT.md,BLOCKED,Requires authorized DB/storage target and approved backup procedure
REQ-P000-F10,Record baseline in changelog,none,none,none,none,documentation review,CHANGELOG.md,PARTIAL,Provisional assessment noted; do not claim baseline established
REQ-P000-F11,Inventory protocol stages for existing workflows,none,none,none,none,source inventory only,baseline/protocol_baseline.md; CONTROL_INVENTORY.md,PARTIAL,No business workflows or live system evidence found
REQ-P000-F12,Generate token package and theme provider,none,none,none,none,not implemented,discovery/part-000.md,BLOCKED,Needs approved source/theme bridge plan and existing-screen visual baselines
REQ-P000-F13,Self-host approved typography and numeric utility,none,none,none,none,not implemented,discovery/part-000.md,BLOCKED,Requires approved font/license evidence and UI implementation
REQ-P000-F14,Implement responsive application shell,none,none,none,none,not implemented,discovery/part-000.md; impact/part-000.md,BLOCKED,Needs authoritative app scope and responsive regression baselines
REQ-P000-F15,Create navigation registry and preserve existing routes,none,none,none,none,source route inventory only,API_INVENTORY.md; UI_INVENTORY.md,BLOCKED,Requires reviewed route/permission registry and live behavior baseline
REQ-P000-F16,Create semantic icon registry,none,none,none,none,not implemented,discovery/part-000.md,BLOCKED,Requires approved icon/license registry and source migration plan
REQ-P000-F17,Implement baseline page templates and states,none,none,none,none,not implemented,discovery/part-000.md,BLOCKED,Requires shell, design gates, and existing-screen baselines
REQ-P000-F18,Create widget contract and live-only Home launchpad,none,none,none,none,no certified KPI/widget registry,discovery/part-000.md,BLOCKED,Requires certified existing module sources; no sample values allowed
REQ-P000-F19,Bridge existing screens to approved theme,none,none,none,none,visual baselines unavailable,impact/part-000.md,BLOCKED,Requires before/after visual regression and feature-flag rollout plan
REQ-P000-F20,Run design quality gates,none,none,none,none,gates absent,baseline/BASELINE_REPORT.md,BLOCKED,Token/icon/navigation/contrast/axe/visual gates not implemented
REQ-P000-F21,Establish internal audit framework and evidence roll-up,none,none,none,none,Part 00 approval absent,baseline/BASELINE_REPORT.md,BLOCKED,Requires Part 00 and Part 03 ownership/evidence pipeline
REQ-P000-F22,Establish restricted Technical Console boundary,none,none,none,none,console and permission framework absent,discovery/part-000.md,BLOCKED,Requires server-side technical authorization, step-up MFA, audit, and deployment controls
